step,timestamp,moisture,temperature,humidity,rain_prediction,irrigation_active
0,2026-05-15T17:17:43.884364,29,29,39,True,False
1,2026-05-15T17:17:43.884431,24,28,83,True,False
2,2026-05-15T17:17:43.884453,48,33,68,False,False
3,2026-05-15T17:17:43.884470,21,34,43,False,True
4,2026-05-15T17:17:43.884486,78,20,69,False,False
5,2026-05-15T17:17:43.884502,56,35,61,True,False
6,2026-05-15T17:17:43.884518,48,34,57,False,False
7,2026-05-15T17:17:43.884533,55,22,60,False,False
8,2026-05-15T17:17:43.884549,70,22,45,False,False
9,2026-05-15T17:17:43.884564,61,26,45,False,False
10,2026-05-15T17:17:43.884579,58,35,70,False,False
11,2026-05-15T17:17:43.884595,75,36,64,True,False
12,2026-05-15T17:17:43.884610,61,36,50,False,False
13,2026-05-15T17:17:43.884625,57,26,33,False,False
14,2026-05-15T17:17:43.884640,35,21,74,False,False
15,2026-05-15T17:17:43.884655,74,32,45,True,False
16,2026-05-15T17:17:43.884677,63,23,47,True,False
17,2026-05-15T17:17:43.884701,69,32,84,False,False
18,2026-05-15T17:17:43.884717,28,35,69,True,False
19,2026-05-15T17:17:43.884733,74,34,79,True,False
20,2026-05-15T17:17:43.884748,79,27,34,True,False
21,2026-05-15T17:17:43.884763,43,26,77,False,False
22,2026-05-15T17:17:43.884778,20,30,90,False,True
23,2026-05-15T17:17:43.884794,68,30,82,False,False
24,2026-05-15T17:17:43.884810,28,20,89,False,True
25,2026-05-15T17:17:43.884826,46,26,69,True,False
26,2026-05-15T17:17:43.884841,36,34,55,False,False
27,2026-05-15T17:17:43.884856,53,20,80,False,False
28,2026-05-15T17:17:43.884873,23,32,34,True,False
29,2026-05-15T17:17:43.884888,42,30,50,True,False
30,2026-05-15T17:17:43.884907,37,29,36,False,False
31,2026-05-15T17:17:43.884923,46,31,79,True,False
32,2026-05-15T17:17:43.884938,64,18,36,False,False
33,2026-05-15T17:17:43.884953,58,36,48,True,False
34,2026-05-15T17:17:43.884968,67,20,51,True,False
35,2026-05-15T17:17:43.884984,22,26,32,True,False
36,2026-05-15T17:17:43.885003,77,30,51,False,False
37,2026-05-15T17:17:43.885019,52,29,89,False,False
38,2026-05-15T17:17:43.885034,75,25,83,False,False
39,2026-05-15T17:17:43.885050,29,30,74,False,True
40,2026-05-15T17:17:43.885066,68,23,55,True,False
41,2026-05-15T17:17:43.885083,60,21,68,False,False
42,2026-05-15T17:17:43.885098,27,34,76,False,True
43,2026-05-15T17:17:43.885113,52,33,32,False,False
44,2026-05-15T17:17:43.885129,31,23,31,False,True
45,2026-05-15T17:17:43.885145,35,28,88,False,False
46,2026-05-15T17:17:43.885161,48,21,53,True,False
47,2026-05-15T17:17:43.885176,60,28,44,True,False
48,2026-05-15T17:17:43.885191,23,32,89,False,True
49,2026-05-15T17:17:43.885206,38,30,78,False,False
50,2026-05-15T17:17:43.885221,56,20,79,False,False
51,2026-05-15T17:17:43.885237,57,34,70,False,False
52,2026-05-15T17:17:43.885253,61,22,44,True,False
53,2026-05-15T17:17:43.885269,73,19,53,False,False
54,2026-05-15T17:17:43.885286,25,34,32,False,True
55,2026-05-15T17:17:43.885305,51,27,38,False,False
56,2026-05-15T17:17:43.885321,29,24,84,False,True
57,2026-05-15T17:17:43.885337,60,22,45,True,False
58,2026-05-15T17:17:43.885353,77,30,66,False,False
59,2026-05-15T17:17:43.885369,78,34,67,False,False
60,2026-05-15T17:17:43.885385,76,30,36,False,False
61,2026-05-15T17:17:43.885402,33,19,39,True,False
62,2026-05-15T17:17:43.885419,70,36,59,True,False
63,2026-05-15T17:17:43.885435,47,24,80,False,False
64,2026-05-15T17:17:43.885455,44,31,55,True,False
65,2026-05-15T17:17:43.885472,50,26,42,False,False
66,2026-05-15T17:17:43.885488,58,36,70,False,False
67,2026-05-15T17:17:43.885503,43,27,34,False,False
68,2026-05-15T17:17:43.885519,46,27,35,False,False
69,2026-05-15T17:17:43.885535,46,25,86,False,False
70,2026-05-15T17:17:43.885551,24,33,37,True,False
71,2026-05-15T17:17:43.885568,40,20,61,False,False
72,2026-05-15T17:17:43.885584,67,36,63,False,False
73,2026-05-15T17:17:43.885600,46,24,67,False,False
74,2026-05-15T17:17:43.885616,56,21,52,False,False
75,2026-05-15T17:17:43.885636,52,19,50,False,False
76,2026-05-15T17:17:43.885652,40,27,39,False,False
77,2026-05-15T17:17:43.885671,30,26,63,True,False
78,2026-05-15T17:17:43.885694,71,36,61,False,False
79,2026-05-15T17:17:43.885711,24,22,56,False,True
80,2026-05-15T17:17:43.885729,50,34,40,False,False
81,2026-05-15T17:17:43.885745,54,30,31,False,False
82,2026-05-15T17:17:43.885761,65,36,67,True,False
83,2026-05-15T17:17:43.885777,79,23,68,False,False
84,2026-05-15T17:17:43.885793,62,31,73,False,False
85,2026-05-15T17:17:43.885809,43,35,48,False,False
86,2026-05-15T17:17:43.885824,22,30,82,False,True
87,2026-05-15T17:17:43.885840,56,26,74,False,False
88,2026-05-15T17:17:43.885855,66,18,46,True,False
89,2026-05-15T17:17:43.885875,61,20,59,False,False
90,2026-05-15T17:17:43.885892,40,24,36,True,False
91,2026-05-15T17:17:43.885908,74,23,80,True,False
92,2026-05-15T17:17:43.885924,67,22,30,False,False
93,2026-05-15T17:17:43.885941,41,23,33,False,False
94,2026-05-15T17:17:43.885960,65,32,88,False,False
95,2026-05-15T17:17:43.885976,25,22,35,False,True
96,2026-05-15T17:17:43.885993,24,34,90,False,True
97,2026-05-15T17:17:43.886008,59,27,51,False,False
98,2026-05-15T17:17:43.886025,37,34,49,False,False
99,2026-05-15T17:17:43.886041,31,31,74,True,False
100,2026-05-15T17:17:43.886057,49,18,36,True,False
101,2026-05-15T17:17:43.886073,80,27,38,False,False
102,2026-05-15T17:17:43.886092,61,20,39,True,False
103,2026-05-15T17:17:43.886110,33,28,32,False,True
104,2026-05-15T17:17:43.886125,50,27,35,False,False
105,2026-05-15T17:17:43.886141,78,25,45,False,False
106,2026-05-15T17:17:43.886156,47,23,36,False,False
107,2026-05-15T17:17:43.886172,45,31,33,False,False
108,2026-05-15T17:17:43.886188,46,23,71,False,False
109,2026-05-15T17:17:43.886205,69,28,86,True,False
110,2026-05-15T17:17:43.886220,71,25,65,False,False
111,2026-05-15T17:17:43.886235,77,26,69,False,False
112,2026-05-15T17:17:43.886250,66,20,39,False,False
113,2026-05-15T17:17:43.886266,52,35,80,False,False
114,2026-05-15T17:17:43.886284,45,25,48,True,False
115,2026-05-15T17:17:43.886299,70,26,55,False,False
116,2026-05-15T17:17:43.886314,61,35,36,False,False
117,2026-05-15T17:17:43.886330,62,29,53,False,False
118,2026-05-15T17:17:43.886345,28,29,40,False,True
119,2026-05-15T17:17:43.886361,74,34,36,False,False
120,2026-05-15T17:17:43.886377,25,33,43,False,True
121,2026-05-15T17:17:43.886392,38,24,31,True,False
122,2026-05-15T17:17:43.886410,74,21,32,False,False
123,2026-05-15T17:17:43.886426,39,26,76,True,False
124,2026-05-15T17:17:43.886441,42,21,90,False,False
125,2026-05-15T17:17:43.886456,28,31,51,False,True
126,2026-05-15T17:17:43.886474,70,21,77,True,False
127,2026-05-15T17:17:43.886489,66,19,38,False,False
128,2026-05-15T17:17:43.886509,33,32,47,False,True
129,2026-05-15T17:17:43.886527,28,30,49,False,True
130,2026-05-15T17:17:43.886542,22,25,44,False,True
131,2026-05-15T17:17:43.886561,31,27,31,True,False
132,2026-05-15T17:17:43.886577,73,18,47,True,False
133,2026-05-15T17:17:43.886597,40,32,77,False,False
134,2026-05-15T17:17:43.886612,58,20,72,False,False
135,2026-05-15T17:17:43.886628,43,18,88,True,False
136,2026-05-15T17:17:43.886643,33,35,84,True,False
137,2026-05-15T17:17:43.886659,33,27,79,True,False
138,2026-05-15T17:17:43.886674,74,24,35,False,False
139,2026-05-15T17:17:43.886690,24,22,75,True,False
140,2026-05-15T17:17:43.886706,68,22,30,True,False
141,2026-05-15T17:17:43.886721,63,18,50,False,False
142,2026-05-15T17:17:43.886737,49,20,47,True,False
143,2026-05-15T17:17:43.886753,56,36,66,False,False
144,2026-05-15T17:17:43.886770,41,25,83,False,False
145,2026-05-15T17:17:43.886787,22,18,68,False,True
146,2026-05-15T17:17:43.886803,43,20,71,False,False
147,2026-05-15T17:17:43.886818,38,27,79,False,False
148,2026-05-15T17:17:43.886835,58,29,37,True,False
149,2026-05-15T17:17:43.886853,20,22,42,True,False
150,2026-05-15T17:17:43.886876,42,36,81,False,False
151,2026-05-15T17:17:43.886893,62,35,78,False,False
152,2026-05-15T17:17:43.886909,62,30,37,True,False
153,2026-05-15T17:17:43.886940,30,19,75,True,False
154,2026-05-15T17:17:43.886957,33,26,53,True,False
155,2026-05-15T17:17:43.886972,50,35,74,False,False
156,2026-05-15T17:17:43.886988,50,23,67,False,False
157,2026-05-15T17:17:43.887005,38,20,84,True,False
158,2026-05-15T17:17:43.887022,62,23,55,False,False
159,2026-05-15T17:17:43.887038,24,27,69,True,False
160,2026-05-15T17:17:43.887055,20,22,58,True,False
161,2026-05-15T17:17:43.887071,29,26,63,False,True
162,2026-05-15T17:17:43.887087,37,22,90,False,False
163,2026-05-15T17:17:43.887103,44,29,70,False,False
164,2026-05-15T17:17:43.887120,30,34,83,False,True
165,2026-05-15T17:17:43.887137,20,33,86,False,True
166,2026-05-15T17:17:43.887155,42,35,36,False,False
167,2026-05-15T17:17:43.887171,20,29,45,True,False
168,2026-05-15T17:17:43.887188,25,25,52,False,True
169,2026-05-15T17:17:43.887205,46,30,49,False,False
170,2026-05-15T17:17:43.887222,31,18,33,False,True
171,2026-05-15T17:17:43.887240,62,36,32,False,False
172,2026-05-15T17:17:43.887261,73,32,36,True,False
173,2026-05-15T17:17:43.887279,25,23,57,True,False
174,2026-05-15T17:17:43.887295,59,29,88,False,False
175,2026-05-15T17:17:43.887312,71,34,41,True,False
176,2026-05-15T17:17:43.887328,74,21,72,True,False
177,2026-05-15T17:17:43.887343,75,23,80,False,False
178,2026-05-15T17:17:43.887358,64,18,65,True,False
179,2026-05-15T17:17:43.887373,42,26,74,False,False
180,2026-05-15T17:17:43.887389,71,19,58,False,False
181,2026-05-15T17:17:43.887405,48,29,75,False,False
182,2026-05-15T17:17:43.887424,37,20,90,False,False
183,2026-05-15T17:17:43.887439,67,30,73,True,False
184,2026-05-15T17:17:43.887454,36,23,48,True,False
185,2026-05-15T17:17:43.887470,31,28,89,False,True
186,2026-05-15T17:17:43.887486,70,26,70,False,False
187,2026-05-15T17:17:43.887501,26,28,48,False,True
188,2026-05-15T17:17:43.887514,20,22,83,False,True
189,2026-05-15T17:17:43.887528,39,21,89,False,False
190,2026-05-15T17:17:43.887543,36,28,72,False,False
191,2026-05-15T17:17:43.887562,48,34,40,True,False
192,2026-05-15T17:17:43.887580,57,28,37,False,False
193,2026-05-15T17:17:43.887595,21,25,62,False,True
194,2026-05-15T17:17:43.887611,36,30,57,True,False
195,2026-05-15T17:17:43.887626,52,34,77,False,False
196,2026-05-15T17:17:43.887639,64,27,59,True,False
197,2026-05-15T17:17:43.887654,60,26,52,False,False
198,2026-05-15T17:17:43.887667,48,21,50,False,False
199,2026-05-15T17:17:43.887681,38,35,55,False,False
200,2026-05-15T17:17:43.887696,49,35,54,False,False
201,2026-05-15T17:17:43.887713,77,33,74,False,False
202,2026-05-15T17:17:43.887728,50,30,76,False,False
203,2026-05-15T17:17:43.887742,44,26,72,False,False
204,2026-05-15T17:17:43.887756,65,30,46,False,False
205,2026-05-15T17:17:43.887771,72,32,84,False,False
206,2026-05-15T17:17:43.887786,24,35,30,True,False
207,2026-05-15T17:17:43.887802,75,22,86,False,False
208,2026-05-15T17:17:43.887818,50,27,65,False,False
209,2026-05-15T17:17:43.887834,33,18,51,False,True
210,2026-05-15T17:17:43.887851,48,32,65,True,False
211,2026-05-15T17:17:43.887879,28,24,69,True,False
212,2026-05-15T17:17:43.887896,77,35,48,False,False
213,2026-05-15T17:17:43.887912,27,31,56,False,True
214,2026-05-15T17:17:43.887928,21,33,32,True,False
215,2026-05-15T17:17:43.887944,34,30,47,True,False
216,2026-05-15T17:17:43.887960,22,32,88,True,False
217,2026-05-15T17:17:43.887976,43,22,90,False,False
218,2026-05-15T17:17:43.887991,32,34,81,True,False
219,2026-05-15T17:17:43.888007,72,21,82,True,False
220,2026-05-15T17:17:43.888022,26,27,85,False,True
221,2026-05-15T17:17:43.888037,25,25,39,True,False
222,2026-05-15T17:17:43.888051,28,30,49,False,True
223,2026-05-15T17:17:43.888064,35,33,53,False,False
224,2026-05-15T17:17:43.888079,68,24,42,False,False
225,2026-05-15T17:17:43.888102,47,22,52,True,False
226,2026-05-15T17:17:43.888116,38,24,31,True,False
227,2026-05-15T17:17:43.888131,72,26,87,True,False
228,2026-05-15T17:17:43.888145,27,20,80,False,True
229,2026-05-15T17:17:43.888160,35,34,84,False,False
230,2026-05-15T17:17:43.888232,45,31,47,False,False
231,2026-05-15T17:17:43.888261,45,24,34,False,False
232,2026-05-15T17:17:43.888283,61,28,57,True,False
233,2026-05-15T17:17:43.888304,52,26,67,True,False
234,2026-05-15T17:17:43.888327,22,24,47,False,True
235,2026-05-15T17:17:43.888346,45,36,88,True,False
236,2026-05-15T17:17:43.888367,55,25,81,False,False
237,2026-05-15T17:17:43.888387,56,31,38,False,False
238,2026-05-15T17:17:43.888405,46,27,86,False,False
239,2026-05-15T17:17:43.888422,71,23,66,False,False
240,2026-05-15T17:17:43.888441,79,26,57,False,False
241,2026-05-15T17:17:43.888459,32,18,47,False,True
242,2026-05-15T17:17:43.888480,46,22,52,False,False
243,2026-05-15T17:17:43.888501,56,22,30,True,False
244,2026-05-15T17:17:43.888520,47,28,40,False,False
245,2026-05-15T17:17:43.888541,80,28,41,False,False
246,2026-05-15T17:17:43.888562,40,30,70,True,False
247,2026-05-15T17:17:43.888584,20,31,70,False,True
248,2026-05-15T17:17:43.888605,29,27,51,True,False
249,2026-05-15T17:17:43.888626,20,20,68,True,False
250,2026-05-15T17:17:43.888652,58,28,62,False,False
251,2026-05-15T17:17:43.888672,46,34,34,False,False
252,2026-05-15T17:17:43.888692,53,20,87,False,False
253,2026-05-15T17:17:43.888714,38,34,58,False,False
254,2026-05-15T17:17:43.888730,63,22,53,True,False
255,2026-05-15T17:17:43.888751,46,24,57,False,False
256,2026-05-15T17:17:43.888768,70,24,70,True,False
257,2026-05-15T17:17:43.888784,42,28,67,True,False
258,2026-05-15T17:17:43.888800,50,34,72,True,False
259,2026-05-15T17:17:43.888816,21,27,89,False,True
260,2026-05-15T17:17:43.888832,47,23,42,False,False
261,2026-05-15T17:17:43.888847,46,33,74,True,False
262,2026-05-15T17:17:43.888862,75,29,56,False,False
263,2026-05-15T17:17:43.888878,54,18,31,False,False
264,2026-05-15T17:17:43.888894,26,21,61,False,True
265,2026-05-15T17:17:43.888910,68,23,77,False,False
266,2026-05-15T17:17:43.888925,45,23,46,True,False
267,2026-05-15T17:17:43.888941,36,18,36,False,False
268,2026-05-15T17:17:43.888958,64,25,56,False,False
269,2026-05-15T17:17:43.888977,72,36,83,False,False
270,2026-05-15T17:17:43.888999,49,32,61,False,False
271,2026-05-15T17:17:43.889015,74,35,37,False,False
272,2026-05-15T17:17:43.889030,68,21,36,False,False
273,2026-05-15T17:17:43.889045,39,22,70,True,False
274,2026-05-15T17:17:43.889060,38,26,73,False,False
275,2026-05-15T17:17:43.889074,69,29,36,False,False
276,2026-05-15T17:17:43.889100,37,26,69,False,False
277,2026-05-15T17:17:43.889116,57,26,30,True,False
278,2026-05-15T17:17:43.889132,38,28,71,False,False
279,2026-05-15T17:17:43.889147,80,24,72,False,False
280,2026-05-15T17:17:43.889163,66,23,74,False,False
281,2026-05-15T17:17:43.889179,64,25,80,False,False
282,2026-05-15T17:17:43.889195,75,32,67,False,False
283,2026-05-15T17:17:43.889210,54,29,89,False,False
284,2026-05-15T17:17:43.889231,24,26,76,True,False
285,2026-05-15T17:17:43.889247,42,22,87,True,False
286,2026-05-15T17:17:43.889262,41,28,45,False,False
287,2026-05-15T17:17:43.889277,59,34,75,False,False
288,2026-05-15T17:17:43.889292,23,34,42,False,True
289,2026-05-15T17:17:43.889312,27,31,42,False,True
290,2026-05-15T17:17:43.889330,72,18,46,True,False
291,2026-05-15T17:17:43.889346,20,23,51,True,False
292,2026-05-15T17:17:43.889363,36,33,43,False,False
293,2026-05-15T17:17:43.889378,35,27,34,True,False
294,2026-05-15T17:17:43.889394,47,31,88,False,False
295,2026-05-15T17:17:43.889409,61,29,72,False,False
296,2026-05-15T17:17:43.889424,23,30,53,True,False
297,2026-05-15T17:17:43.889440,26,26,47,False,True
298,2026-05-15T17:17:43.889454,38,18,32,False,False
299,2026-05-15T17:17:43.889470,23,29,34,False,True
300,2026-05-15T17:17:43.889487,31,21,54,True,False
301,2026-05-15T17:17:43.889505,36,24,56,True,False
302,2026-05-15T17:17:43.889521,57,26,37,False,False
303,2026-05-15T17:17:43.889537,38,32,57,False,False
304,2026-05-15T17:17:43.889552,34,28,35,False,True
305,2026-05-15T17:17:43.889568,80,30,36,False,False
306,2026-05-15T17:17:43.889584,73,23,63,True,False
307,2026-05-15T17:17:43.889600,37,34,34,False,False
308,2026-05-15T17:17:43.889617,20,26,79,True,False
309,2026-05-15T17:17:43.889640,56,18,68,True,False
310,2026-05-15T17:17:43.889657,79,19,56,False,False
311,2026-05-15T17:17:43.889672,43,34,60,False,False
312,2026-05-15T17:17:43.889688,51,22,62,False,False
313,2026-05-15T17:17:43.889704,62,20,68,False,False
314,2026-05-15T17:17:43.889720,36,27,64,False,False
315,2026-05-15T17:17:43.889736,77,33,60,True,False
316,2026-05-15T17:17:43.889751,43,19,38,False,False
317,2026-05-15T17:17:43.889766,43,28,40,True,False
318,2026-05-15T17:17:43.889782,62,36,35,False,False
319,2026-05-15T17:17:43.889803,67,35,80,False,False
320,2026-05-15T17:17:43.889819,34,18,54,False,True
321,2026-05-15T17:17:43.889834,75,19,49,False,False
322,2026-05-15T17:17:43.889849,25,19,75,False,True
323,2026-05-15T17:17:43.889866,41,31,58,False,False
324,2026-05-15T17:17:43.889881,73,27,56,False,False
325,2026-05-15T17:17:43.889897,62,24,34,False,False
326,2026-05-15T17:17:43.889913,37,31,85,False,False
327,2026-05-15T17:17:43.889928,28,27,45,True,False
328,2026-05-15T17:17:43.889948,61,19,38,False,False
329,2026-05-15T17:17:43.889965,50,32,85,False,False
330,2026-05-15T17:17:43.889980,24,24,44,True,False
331,2026-05-15T17:17:43.889995,27,20,75,False,True
332,2026-05-15T17:17:43.890011,45,36,57,False,False
333,2026-05-15T17:17:43.890026,64,28,57,False,False
334,2026-05-15T17:17:43.890040,34,21,60,False,True
335,2026-05-15T17:17:43.890059,36,20,68,False,False
336,2026-05-15T17:17:43.890076,31,35,76,False,True
337,2026-05-15T17:17:43.890102,71,33,58,False,False
338,2026-05-15T17:17:43.890118,49,28,73,False,False
339,2026-05-15T17:17:43.890133,52,31,46,False,False
340,2026-05-15T17:17:43.890149,24,29,71,False,True
341,2026-05-15T17:17:43.890165,30,30,54,True,False
342,2026-05-15T17:17:43.890181,46,35,78,True,False
343,2026-05-15T17:17:43.890197,47,20,43,False,False
344,2026-05-15T17:17:43.890213,28,18,84,False,True
345,2026-05-15T17:17:43.890228,35,35,87,False,False
346,2026-05-15T17:17:43.890243,23,30,71,True,False
347,2026-05-15T17:17:43.890258,23,30,73,True,False
348,2026-05-15T17:17:43.890278,51,18,72,False,False
349,2026-05-15T17:17:43.890294,57,36,75,True,False
350,2026-05-15T17:17:43.890312,68,26,83,False,False
351,2026-05-15T17:17:43.890328,38,27,39,False,False
352,2026-05-15T17:17:43.890343,70,27,73,True,False
353,2026-05-15T17:17:43.890364,37,34,31,True,False
354,2026-05-15T17:17:43.890380,42,33,90,False,False
355,2026-05-15T17:17:43.890395,29,33,77,False,True
356,2026-05-15T17:17:43.890410,42,19,63,False,False
357,2026-05-15T17:17:43.890427,55,30,83,False,False
358,2026-05-15T17:17:43.890442,79,19,56,False,False
359,2026-05-15T17:17:43.890457,23,29,62,True,False
360,2026-05-15T17:17:43.890472,30,27,49,False,True
361,2026-05-15T17:17:43.890487,49,28,57,False,False
362,2026-05-15T17:17:43.890503,43,29,73,True,False
363,2026-05-15T17:17:43.890518,56,27,36,False,False
364,2026-05-15T17:17:43.890534,77,23,54,False,False
365,2026-05-15T17:17:43.890550,72,29,46,True,False
366,2026-05-15T17:17:43.890567,72,33,43,True,False
367,2026-05-15T17:17:43.890588,33,26,36,False,True
368,2026-05-15T17:17:43.890604,62,33,55,True,False
369,2026-05-15T17:17:43.890619,46,28,71,True,False
370,2026-05-15T17:17:43.890634,42,25,72,True,False
371,2026-05-15T17:17:43.890649,34,35,38,False,True
372,2026-05-15T17:17:43.890666,60,34,30,False,False
373,2026-05-15T17:17:43.890681,50,28,37,True,False
374,2026-05-15T17:17:43.890697,48,25,47,True,False
375,2026-05-15T17:17:43.890712,48,35,51,False,False
376,2026-05-15T17:17:43.890728,57,18,36,True,False
377,2026-05-15T17:17:43.890743,72,34,45,True,False
378,2026-05-15T17:17:43.890760,23,23,46,True,False
379,2026-05-15T17:17:43.890775,34,35,42,False,True
380,2026-05-15T17:17:43.890791,36,30,36,True,False
381,2026-05-15T17:17:43.890812,57,31,87,False,False
382,2026-05-15T17:17:43.890827,67,21,38,True,False
383,2026-05-15T17:17:43.890848,78,20,73,False,False
384,2026-05-15T17:17:43.890864,65,22,44,True,False
385,2026-05-15T17:17:43.890880,73,18,74,True,False
386,2026-05-15T17:17:43.890901,64,21,47,False,False
387,2026-05-15T17:17:43.890921,36,23,53,True,False
388,2026-05-15T17:17:43.890937,40,23,44,False,False
389,2026-05-15T17:17:43.890954,33,21,70,False,True
390,2026-05-15T17:17:43.890970,79,34,83,True,False
391,2026-05-15T17:17:43.890985,49,27,64,False,False
392,2026-05-15T17:17:43.890999,35,32,34,False,False
393,2026-05-15T17:17:43.891015,73,30,52,True,False
394,2026-05-15T17:17:43.891030,26,25,48,False,True
395,2026-05-15T17:17:43.891047,51,28,43,False,False
396,2026-05-15T17:17:43.891066,66,24,88,False,False
397,2026-05-15T17:17:43.891081,64,21,51,False,False
398,2026-05-15T17:17:43.891097,22,19,62,False,True
399,2026-05-15T17:17:43.891113,60,22,34,True,False
400,2026-05-15T17:17:43.891128,45,31,47,False,False
401,2026-05-15T17:17:43.891147,72,27,80,True,False
402,2026-05-15T17:17:43.891162,75,34,64,False,False
403,2026-05-15T17:17:43.891177,73,27,31,False,False
404,2026-05-15T17:17:43.891192,53,22,72,False,False
405,2026-05-15T17:17:43.891207,80,24,70,True,False
406,2026-05-15T17:17:43.891227,64,21,76,False,False
407,2026-05-15T17:17:43.891244,55,20,78,False,False
408,2026-05-15T17:17:43.891259,60,36,70,False,False
409,2026-05-15T17:17:43.891274,58,36,77,False,False
410,2026-05-15T17:17:43.891290,26,32,72,False,True
411,2026-05-15T17:17:43.891306,20,22,54,True,False
412,2026-05-15T17:17:43.891322,38,31,51,True,False
413,2026-05-15T17:17:43.891337,78,30,70,False,False
414,2026-05-15T17:17:43.891352,53,20,40,False,False
415,2026-05-15T17:17:43.891367,58,21,57,True,False
416,2026-05-15T17:17:43.891382,48,21,40,True,False
417,2026-05-15T17:17:43.891398,49,31,30,True,False
418,2026-05-15T17:17:43.891413,45,20,75,False,False
419,2026-05-15T17:17:43.891430,78,18,85,False,False
420,2026-05-15T17:17:43.891445,70,31,63,False,False
421,2026-05-15T17:17:43.891461,26,33,77,True,False
422,2026-05-15T17:17:43.891476,62,35,38,False,False
423,2026-05-15T17:17:43.891492,26,30,69,True,False
424,2026-05-15T17:17:43.891508,70,24,44,True,False
425,2026-05-15T17:17:43.891523,33,19,87,True,False
426,2026-05-15T17:17:43.891543,59,26,72,True,False
427,2026-05-15T17:17:43.891558,72,23,69,True,False
428,2026-05-15T17:17:43.891574,68,29,71,True,False
429,2026-05-15T17:17:43.891589,79,36,62,True,False
430,2026-05-15T17:17:43.891605,58,23,31,True,False
431,2026-05-15T17:17:43.891620,24,28,77,False,True
432,2026-05-15T17:17:43.891636,73,20,49,False,False
433,2026-05-15T17:17:43.891652,80,33,77,True,False
434,2026-05-15T17:17:43.891667,40,25,90,False,False
435,2026-05-15T17:17:43.891683,41,28,77,True,False
436,2026-05-15T17:17:43.891698,53,31,78,False,False
437,2026-05-15T17:17:43.891713,68,32,37,False,False
438,2026-05-15T17:17:43.891733,37,29,43,False,False
439,2026-05-15T17:17:43.891750,53,28,63,False,False
440,2026-05-15T17:17:43.891766,34,19,52,False,True
441,2026-05-15T17:17:43.891784,64,28,73,False,False
442,2026-05-15T17:17:43.891800,57,21,51,False,False
443,2026-05-15T17:17:43.891815,43,27,33,False,False
444,2026-05-15T17:17:43.891831,28,24,49,False,True
445,2026-05-15T17:17:43.891851,26,35,61,True,False
446,2026-05-15T17:17:43.891871,64,20,40,True,False
447,2026-05-15T17:17:43.891887,26,33,59,False,True
448,2026-05-15T17:17:43.891902,37,18,55,True,False
449,2026-05-15T17:17:43.891916,39,24,85,False,False
450,2026-05-15T17:17:43.891932,56,30,57,False,False
451,2026-05-15T17:17:43.891947,42,36,89,False,False
452,2026-05-15T17:17:43.891963,78,35,88,True,False
453,2026-05-15T17:17:43.891979,27,33,47,True,False
454,2026-05-15T17:17:43.891995,40,29,69,False,False
455,2026-05-15T17:17:43.892011,39,26,42,True,False
456,2026-05-15T17:17:43.892026,22,34,60,False,True
457,2026-05-15T17:17:43.892046,40,23,53,False,False
458,2026-05-15T17:17:43.892061,79,25,37,True,False
459,2026-05-15T17:17:43.892076,79,33,51,False,False
460,2026-05-15T17:17:43.892091,53,20,50,True,False
461,2026-05-15T17:17:43.892106,53,31,54,False,False
462,2026-05-15T17:17:43.892122,43,27,74,False,False
463,2026-05-15T17:17:43.892138,54,18,83,False,False
464,2026-05-15T17:17:43.892153,64,34,30,False,False
465,2026-05-15T17:17:43.892173,34,32,57,False,True
466,2026-05-15T17:17:43.892190,30,29,78,True,False
467,2026-05-15T17:17:43.892207,57,33,40,True,False
468,2026-05-15T17:17:43.892222,62,26,80,False,False
469,2026-05-15T17:17:43.892238,37,36,31,True,False
470,2026-05-15T17:17:43.892253,27,26,46,True,False
471,2026-05-15T17:17:43.892268,73,22,46,False,False
472,2026-05-15T17:17:43.892283,69,20,88,False,False
473,2026-05-15T17:17:43.892299,35,31,77,True,False
474,2026-05-15T17:17:43.892314,64,35,61,True,False
475,2026-05-15T17:17:43.892331,57,25,55,True,False
476,2026-05-15T17:17:43.892346,30,35,46,False,True
477,2026-05-15T17:17:43.892362,30,20,66,False,True
478,2026-05-15T17:17:43.892377,31,27,82,False,True
479,2026-05-15T17:17:43.892393,43,28,43,True,False
480,2026-05-15T17:17:43.892408,42,31,34,True,False
481,2026-05-15T17:17:43.892424,46,31,90,False,False
482,2026-05-15T17:17:43.892439,78,20,85,False,False
483,2026-05-15T17:17:43.892453,51,22,32,False,False
484,2026-05-15T17:17:43.892473,23,31,63,True,False
485,2026-05-15T17:17:43.892490,41,27,90,False,False
486,2026-05-15T17:17:43.892507,78,33,58,False,False
487,2026-05-15T17:17:43.892523,27,30,65,False,True
488,2026-05-15T17:17:43.892544,79,32,63,False,False
489,2026-05-15T17:17:43.892561,31,22,36,False,True
490,2026-05-15T17:17:43.892577,33,31,67,True,False
491,2026-05-15T17:17:43.892593,46,31,74,False,False
492,2026-05-15T17:17:43.892608,61,28,62,False,False
493,2026-05-15T17:17:43.892634,75,29,70,False,False
494,2026-05-15T17:17:43.892666,55,22,71,False,False
495,2026-05-15T17:17:43.892684,77,35,82,False,False
496,2026-05-15T17:17:43.892699,24,25,64,False,True
497,2026-05-15T17:17:43.892715,67,24,47,False,False
498,2026-05-15T17:17:43.892732,21,36,80,False,True
499,2026-05-15T17:17:43.892748,75,28,76,True,False
500,2026-05-15T17:17:43.892763,80,33,31,False,False
501,2026-05-15T17:17:43.892779,30,24,61,True,False
502,2026-05-15T17:17:43.892797,35,21,61,False,False
503,2026-05-15T17:17:43.892813,46,20,56,False,False
504,2026-05-15T17:17:43.892833,54,22,33,True,False
505,2026-05-15T17:17:43.892848,48,30,51,True,False
506,2026-05-15T17:17:43.892862,37,29,34,False,False
507,2026-05-15T17:17:43.892877,65,19,89,False,False
508,2026-05-15T17:17:43.892893,32,20,55,False,True
509,2026-05-15T17:17:43.892915,65,34,31,False,False
510,2026-05-15T17:17:43.892935,58,18,87,True,False
511,2026-05-15T17:17:43.892951,65,23,33,False,False
512,2026-05-15T17:17:43.892967,69,28,43,True,False
513,2026-05-15T17:17:43.892983,31,31,32,True,False
514,2026-05-15T17:17:43.892998,66,29,45,True,False
515,2026-05-15T17:17:43.893014,68,19,77,True,False
516,2026-05-15T17:17:43.893029,37,34,55,False,False
517,2026-05-15T17:17:43.893044,43,21,50,False,False
518,2026-05-15T17:17:43.893058,40,18,79,True,False
519,2026-05-15T17:17:43.893074,70,29,48,False,False
520,2026-05-15T17:17:43.893089,33,19,64,False,True
521,2026-05-15T17:17:43.893109,20,26,31,True,False
522,2026-05-15T17:17:43.893124,66,36,39,True,False
523,2026-05-15T17:17:43.893144,25,34,83,False,True
524,2026-05-15T17:17:43.893161,73,29,78,False,False
525,2026-05-15T17:17:43.893176,25,35,35,False,True
526,2026-05-15T17:17:43.893191,63,31,45,False,False
527,2026-05-15T17:17:43.893206,25,29,38,False,True
528,2026-05-15T17:17:43.893221,79,34,35,True,False
529,2026-05-15T17:17:43.893237,68,27,83,True,False
530,2026-05-15T17:17:43.893252,57,29,33,False,False
531,2026-05-15T17:17:43.893267,64,22,77,False,False
532,2026-05-15T17:17:43.893285,69,20,48,False,False
533,2026-05-15T17:17:43.893301,78,22,88,False,False
534,2026-05-15T17:17:43.893316,72,20,87,True,False
535,2026-05-15T17:17:43.893332,60,35,81,True,False
536,2026-05-15T17:17:43.893348,68,34,87,False,False
537,2026-05-15T17:17:43.893363,45,20,87,True,False
538,2026-05-15T17:17:43.893379,56,26,53,False,False
539,2026-05-15T17:17:43.893398,51,30,65,False,False
540,2026-05-15T17:17:43.893413,62,32,51,True,False
541,2026-05-15T17:17:43.893428,40,33,31,False,False
542,2026-05-15T17:17:43.893443,60,30,54,False,False
543,2026-05-15T17:17:43.893463,70,21,66,False,False
544,2026-05-15T17:17:43.893480,75,26,46,True,False
545,2026-05-15T17:17:43.893495,25,33,69,False,True
546,2026-05-15T17:17:43.893511,76,21,37,False,False
547,2026-05-15T17:17:43.893526,66,25,59,False,False
548,2026-05-15T17:17:43.893541,31,36,82,False,True
549,2026-05-15T17:17:43.893557,29,21,84,False,True
550,2026-05-15T17:17:43.893573,49,19,79,False,False
551,2026-05-15T17:17:43.893587,55,34,76,False,False
552,2026-05-15T17:17:43.893603,74,36,77,False,False
553,2026-05-15T17:17:43.893619,44,31,53,False,False
554,2026-05-15T17:17:43.893634,22,29,46,False,True
555,2026-05-15T17:17:43.893650,35,18,58,True,False
556,2026-05-15T17:17:43.893665,79,18,67,False,False
557,2026-05-15T17:17:43.893681,78,28,55,False,False
558,2026-05-15T17:17:43.893696,28,18,55,True,False
559,2026-05-15T17:17:43.893713,53,33,85,False,False
560,2026-05-15T17:17:43.893728,20,24,32,True,False
561,2026-05-15T17:17:43.893744,76,32,82,False,False
562,2026-05-15T17:17:43.893763,47,26,77,True,False
563,2026-05-15T17:17:43.893778,79,33,38,True,False
564,2026-05-15T17:17:43.893794,20,33,58,False,True
565,2026-05-15T17:17:43.893810,29,31,69,True,False
566,2026-05-15T17:17:43.893826,37,24,38,False,False
567,2026-05-15T17:17:43.893841,73,33,80,True,False
568,2026-05-15T17:17:43.896150,23,25,50,True,False
569,2026-05-15T17:17:43.896170,57,34,88,False,False
570,2026-05-15T17:17:43.896187,76,30,89,True,False
571,2026-05-15T17:17:43.896202,78,28,68,True,False
572,2026-05-15T17:17:43.896217,24,26,78,False,True
573,2026-05-15T17:17:43.896233,28,35,49,False,True
574,2026-05-15T17:17:43.896258,34,31,44,False,True
575,2026-05-15T17:17:43.896276,37,22,57,False,False
576,2026-05-15T17:17:43.896292,22,24,50,False,True
577,2026-05-15T17:17:43.896308,30,21,68,False,True
578,2026-05-15T17:17:43.896324,25,32,51,False,True
579,2026-05-15T17:17:43.896340,30,29,71,False,True
580,2026-05-15T17:17:43.896355,55,35,47,False,False
581,2026-05-15T17:17:43.896371,58,28,38,False,False
582,2026-05-15T17:17:43.896392,29,30,69,False,True
583,2026-05-15T17:17:43.896407,37,29,44,False,False
584,2026-05-15T17:17:43.896422,51,27,83,False,False
585,2026-05-15T17:17:43.896438,62,18,40,False,False
586,2026-05-15T17:17:43.896454,35,25,43,True,False
587,2026-05-15T17:17:43.896470,42,22,37,False,False
588,2026-05-15T17:17:43.896486,60,27,50,True,False
589,2026-05-15T17:17:43.896502,31,23,52,False,True
590,2026-05-15T17:17:43.896522,57,23,51,False,False
591,2026-05-15T17:17:43.896539,22,18,57,False,True
592,2026-05-15T17:17:43.896555,24,31,83,False,True
593,2026-05-15T17:17:43.896575,77,30,90,False,False
594,2026-05-15T17:17:43.896590,44,26,53,False,False
595,2026-05-15T17:17:43.896604,44,22,66,False,False
596,2026-05-15T17:17:43.896619,56,31,54,False,False
597,2026-05-15T17:17:43.896634,53,29,43,True,False
598,2026-05-15T17:17:43.896650,77,23,51,True,False
599,2026-05-15T17:17:43.896667,66,21,80,False,False
600,2026-05-15T17:17:43.896682,23,19,61,False,True
601,2026-05-15T17:17:43.896702,68,32,83,False,False
602,2026-05-15T17:17:43.896718,41,31,41,True,False
603,2026-05-15T17:17:43.896734,77,25,69,False,False
604,2026-05-15T17:17:43.896750,47,26,36,True,False
605,2026-05-15T17:17:43.896765,39,20,64,True,False
606,2026-05-15T17:17:43.896780,67,30,89,True,False
607,2026-05-15T17:17:43.896795,26,32,49,False,True
608,2026-05-15T17:17:43.896810,20,18,55,False,True
609,2026-05-15T17:17:43.896826,32,22,90,True,False
610,2026-05-15T17:17:43.896842,23,31,68,False,True
611,2026-05-15T17:17:43.896860,20,21,38,True,False
612,2026-05-15T17:17:43.896876,53,35,85,False,False
613,2026-05-15T17:17:43.896891,48,29,76,True,False
614,2026-05-15T17:17:43.896907,26,26,62,False,True
615,2026-05-15T17:17:43.896922,56,28,89,True,False
616,2026-05-15T17:17:43.896938,33,28,65,False,True
617,2026-05-15T17:17:43.896953,21,28,40,True,False
618,2026-05-15T17:17:43.896968,49,21,76,True,False
619,2026-05-15T17:17:43.896983,25,29,63,False,True
620,2026-05-15T17:17:43.896998,38,18,85,False,False
621,2026-05-15T17:17:43.897019,32,21,41,False,True
622,2026-05-15T17:17:43.897038,58,22,77,False,False
623,2026-05-15T17:17:43.897053,51,30,76,True,False
624,2026-05-15T17:17:43.897069,22,23,33,False,True
625,2026-05-15T17:17:43.897085,48,28,53,True,False
626,2026-05-15T17:17:43.897100,62,18,74,True,False
627,2026-05-15T17:17:43.897116,31,18,31,False,True
628,2026-05-15T17:17:43.897131,35,31,64,True,False
629,2026-05-15T17:17:43.897146,58,31,86,True,False
630,2026-05-15T17:17:43.897161,33,36,50,True,False
631,2026-05-15T17:17:43.897177,27,35,88,False,True
632,2026-05-15T17:17:43.897193,73,18,40,False,False
633,2026-05-15T17:17:43.897208,49,19,88,False,False
634,2026-05-15T17:17:43.897223,33,21,85,False,True
635,2026-05-15T17:17:43.897240,64,18,87,False,False
636,2026-05-15T17:17:43.897256,45,28,64,False,False
637,2026-05-15T17:17:43.897277,39,20,52,False,False
638,2026-05-15T17:17:43.897297,27,24,63,False,True
639,2026-05-15T17:17:43.897313,59,32,38,True,False
640,2026-05-15T17:17:43.897333,56,34,65,False,False
641,2026-05-15T17:17:43.897347,64,32,60,True,False
642,2026-05-15T17:17:43.897368,21,24,88,False,True
643,2026-05-15T17:17:43.897385,49,21,68,False,False
644,2026-05-15T17:17:43.897400,57,31,36,True,False
645,2026-05-15T17:17:43.897416,42,23,30,True,False
646,2026-05-15T17:17:43.897432,44,24,75,False,False
647,2026-05-15T17:17:43.897448,33,25,73,True,False
648,2026-05-15T17:17:43.897463,43,36,87,False,False
649,2026-05-15T17:17:43.897479,65,33,65,False,False
650,2026-05-15T17:17:43.897495,67,22,37,False,False
651,2026-05-15T17:17:43.897510,78,36,58,True,False
652,2026-05-15T17:17:43.897526,48,31,90,False,False
653,2026-05-15T17:17:43.897540,36,19,53,False,False
654,2026-05-15T17:17:43.897555,38,31,77,False,False
655,2026-05-15T17:17:43.897571,70,22,89,False,False
656,2026-05-15T17:17:43.897587,41,34,55,False,False
657,2026-05-15T17:17:43.897603,56,24,68,False,False
658,2026-05-15T17:17:43.897618,42,32,75,False,False
659,2026-05-15T17:17:43.897633,79,28,83,False,False
660,2026-05-15T17:17:43.897653,71,23,55,False,False
661,2026-05-15T17:17:43.897670,34,31,32,False,True
662,2026-05-15T17:17:43.897686,75,25,69,True,False
663,2026-05-15T17:17:43.897702,50,20,37,False,False
664,2026-05-15T17:17:43.897717,41,26,33,False,False
665,2026-05-15T17:17:43.897732,20,30,70,False,True
666,2026-05-15T17:17:43.897747,47,26,45,True,False
667,2026-05-15T17:17:43.897763,22,33,67,False,True
668,2026-05-15T17:17:43.897778,60,20,73,False,False
669,2026-05-15T17:17:43.897795,73,19,75,False,False
670,2026-05-15T17:17:43.897811,67,20,41,False,False
671,2026-05-15T17:17:43.897826,66,30,88,False,False
672,2026-05-15T17:17:43.897842,53,25,52,True,False
673,2026-05-15T17:17:43.897863,66,34,65,True,False
674,2026-05-15T17:17:43.897879,61,18,56,False,False
675,2026-05-15T17:17:43.897895,68,18,75,False,False
676,2026-05-15T17:17:43.897911,48,34,85,False,False
677,2026-05-15T17:17:43.897926,46,34,85,False,False
678,2026-05-15T17:17:43.897941,47,27,69,False,False
679,2026-05-15T17:17:43.897959,47,31,85,False,False
680,2026-05-15T17:17:43.897976,56,31,67,False,False
681,2026-05-15T17:17:43.897991,31,25,53,True,False
682,2026-05-15T17:17:43.898008,62,18,63,True,False
683,2026-05-15T17:17:43.898024,71,33,40,False,False
684,2026-05-15T17:17:43.898039,48,27,30,False,False
685,2026-05-15T17:17:43.898055,23,30,88,False,True
686,2026-05-15T17:17:43.898071,78,32,72,True,False
687,2026-05-15T17:17:43.898086,79,18,44,False,False
688,2026-05-15T17:17:43.898102,51,31,65,False,False
689,2026-05-15T17:17:43.898117,33,34,35,False,True
690,2026-05-15T17:17:43.898132,23,28,78,False,True
691,2026-05-15T17:17:43.898148,36,36,34,True,False
692,2026-05-15T17:17:43.898167,50,25,68,False,False
693,2026-05-15T17:17:43.898184,36,21,33,False,False
694,2026-05-15T17:17:43.898199,77,22,44,False,False
695,2026-05-15T17:17:43.898214,23,24,79,True,False
696,2026-05-15T17:17:43.898230,22,35,65,True,False
697,2026-05-15T17:17:43.898246,61,20,48,False,False
698,2026-05-15T17:17:43.898262,59,19,41,False,False
699,2026-05-15T17:17:43.898282,73,20,30,True,False
700,2026-05-15T17:17:43.898298,22,32,57,False,True
701,2026-05-15T17:17:43.898316,62,33,64,False,False
702,2026-05-15T17:17:43.898331,68,33,58,True,False
703,2026-05-15T17:17:43.898347,20,25,49,False,True
704,2026-05-15T17:17:43.898362,73,23,37,False,False
705,2026-05-15T17:17:43.898378,30,32,39,False,True
706,2026-05-15T17:17:43.898393,39,28,30,False,False
707,2026-05-15T17:17:43.898410,51,18,46,False,False
708,2026-05-15T17:17:43.898425,49,26,46,False,False
709,2026-05-15T17:17:43.898441,57,22,49,True,False
710,2026-05-15T17:17:43.898456,29,28,82,False,True
711,2026-05-15T17:17:43.898472,30,30,47,False,True
712,2026-05-15T17:17:43.898488,69,28,69,False,False
713,2026-05-15T17:17:43.898503,24,25,81,False,True
714,2026-05-15T17:17:43.898518,42,26,88,False,False
715,2026-05-15T17:17:43.898534,79,27,49,False,False
716,2026-05-15T17:17:43.898550,57,21,32,False,False
717,2026-05-15T17:17:43.898567,62,34,55,False,False
718,2026-05-15T17:17:43.898587,70,29,90,True,False
719,2026-05-15T17:17:43.898604,32,19,47,False,True
720,2026-05-15T17:17:43.898620,33,36,38,False,True
721,2026-05-15T17:17:43.898636,76,29,36,True,False
722,2026-05-15T17:17:43.898652,21,23,79,True,False
723,2026-05-15T17:17:43.898667,30,27,35,True,False
724,2026-05-15T17:17:43.898683,53,35,48,True,False
725,2026-05-15T17:17:43.898697,45,18,82,False,False
726,2026-05-15T17:17:43.898713,30,35,51,True,False
727,2026-05-15T17:17:43.898729,66,34,55,False,False
728,2026-05-15T17:17:43.898745,43,33,71,False,False
729,2026-05-15T17:17:43.898760,45,25,89,False,False
730,2026-05-15T17:17:43.898775,64,32,70,False,False
731,2026-05-15T17:17:43.898791,23,28,63,False,True
732,2026-05-15T17:17:43.898807,25,31,33,False,True
733,2026-05-15T17:17:43.898822,57,24,72,False,False
734,2026-05-15T17:17:43.898837,43,27,48,True,False
735,2026-05-15T17:17:43.898853,37,27,81,False,False
736,2026-05-15T17:17:43.898869,71,26,72,False,False
737,2026-05-15T17:17:43.898884,23,32,89,False,True
738,2026-05-15T17:17:43.898903,31,19,34,True,False
739,2026-05-15T17:17:43.898919,74,22,51,False,False
740,2026-05-15T17:17:43.898936,61,36,30,False,False
741,2026-05-15T17:17:43.898951,46,18,59,False,False
742,2026-05-15T17:17:43.898967,21,28,87,False,True
743,2026-05-15T17:17:43.898987,57,35,46,True,False
744,2026-05-15T17:17:43.899002,37,28,86,False,False
745,2026-05-15T17:17:43.899018,46,23,73,False,False
746,2026-05-15T17:17:43.899033,65,24,78,False,False
747,2026-05-15T17:17:43.899049,32,33,75,True,False
748,2026-05-15T17:17:43.899063,52,35,79,False,False
749,2026-05-15T17:17:43.899079,57,34,62,False,False
750,2026-05-15T17:17:43.899094,66,22,62,True,False
751,2026-05-15T17:17:43.899110,20,20,78,False,True
752,2026-05-15T17:17:43.899130,56,35,37,False,False
753,2026-05-15T17:17:43.899146,54,35,80,False,False
754,2026-05-15T17:17:43.899162,35,30,64,True,False
755,2026-05-15T17:17:43.899178,73,34,36,True,False
756,2026-05-15T17:17:43.899194,70,18,41,False,False
757,2026-05-15T17:17:43.899214,44,24,51,False,False
758,2026-05-15T17:17:43.899230,26,27,30,False,True
759,2026-05-15T17:17:43.899246,56,28,83,False,False
760,2026-05-15T17:17:43.899260,58,20,47,False,False
761,2026-05-15T17:17:43.899279,24,26,36,False,True
762,2026-05-15T17:17:43.899294,21,22,50,True,False
763,2026-05-15T17:17:43.899315,73,23,58,True,False
764,2026-05-15T17:17:43.899331,72,26,81,True,False
765,2026-05-15T17:17:43.899351,45,28,33,False,False
766,2026-05-15T17:17:43.899367,37,35,50,False,False
767,2026-05-15T17:17:43.899382,32,36,52,False,True
768,2026-05-15T17:17:43.899398,67,36,78,False,False
769,2026-05-15T17:17:43.899414,55,20,44,False,False
770,2026-05-15T17:17:43.899429,31,26,55,False,True
771,2026-05-15T17:17:43.899444,32,19,37,True,False
772,2026-05-15T17:17:43.899459,45,29,83,False,False
773,2026-05-15T17:17:43.899474,34,21,35,False,True
774,2026-05-15T17:17:43.899491,67,24,53,False,False
775,2026-05-15T17:17:43.899507,28,36,83,False,True
776,2026-05-15T17:17:43.899522,79,23,67,False,False
777,2026-05-15T17:17:43.899542,47,24,64,True,False
778,2026-05-15T17:17:43.899559,71,25,59,False,False
779,2026-05-15T17:17:43.899574,25,26,44,False,True
780,2026-05-15T17:17:43.899590,49,32,46,False,False
781,2026-05-15T17:17:43.899605,77,27,66,False,False
782,2026-05-15T17:17:43.899621,45,24,60,True,False
783,2026-05-15T17:17:43.899635,70,25,60,False,False
784,2026-05-15T17:17:43.899651,24,19,34,True,False
785,2026-05-15T17:17:43.899666,66,25,59,True,False
786,2026-05-15T17:17:43.899682,79,28,51,False,False
787,2026-05-15T17:17:43.899698,24,34,80,False,True
788,2026-05-15T17:17:43.899713,78,27,56,False,False
789,2026-05-15T17:17:43.899729,55,22,86,False,False
790,2026-05-15T17:17:43.899745,45,33,47,False,False
791,2026-05-15T17:17:43.899761,57,23,52,False,False
792,2026-05-15T17:17:43.899776,46,24,77,False,False
793,2026-05-15T17:17:43.899791,56,19,43,False,False
794,2026-05-15T17:17:43.899811,77,33,53,False,False
795,2026-05-15T17:17:43.899828,35,21,41,True,False
796,2026-05-15T17:17:43.899847,37,35,88,False,False
797,2026-05-15T17:17:43.899863,58,27,54,False,False
798,2026-05-15T17:17:43.899879,71,28,62,False,False
799,2026-05-15T17:17:43.899895,24,21,74,True,False
800,2026-05-15T17:17:43.899911,34,23,52,True,False
801,2026-05-15T17:17:43.899926,56,28,36,False,False
802,2026-05-15T17:17:43.899942,41,34,68,False,False
803,2026-05-15T17:17:43.899958,80,20,60,False,False
804,2026-05-15T17:17:43.899973,55,22,65,False,False
805,2026-05-15T17:17:43.899987,67,32,36,True,False
806,2026-05-15T17:17:43.900003,34,31,90,False,True
807,2026-05-15T17:17:43.900018,64,29,77,False,False
808,2026-05-15T17:17:43.900033,66,29,90,True,False
809,2026-05-15T17:17:43.900051,56,25,41,True,False
810,2026-05-15T17:17:43.900066,31,25,42,False,True
811,2026-05-15T17:17:43.900082,62,20,83,False,False
812,2026-05-15T17:17:43.900099,21,24,64,False,True
813,2026-05-15T17:17:43.900115,49,19,86,False,False
814,2026-05-15T17:17:43.900130,20,31,38,True,False
815,2026-05-15T17:17:43.900146,72,36,90,False,False
816,2026-05-15T17:17:43.900165,58,20,39,True,False
817,2026-05-15T17:17:43.900180,55,32,68,False,False
818,2026-05-15T17:17:43.900196,23,23,72,False,True
819,2026-05-15T17:17:43.900211,64,25,51,False,False
820,2026-05-15T17:17:43.900228,21,24,60,True,False
821,2026-05-15T17:17:43.900243,23,22,85,False,True
822,2026-05-15T17:17:43.900258,60,24,63,False,False
823,2026-05-15T17:17:43.900275,20,24,77,True,False
824,2026-05-15T17:17:43.900291,62,28,32,False,False
825,2026-05-15T17:17:43.900306,38,18,51,False,False
826,2026-05-15T17:17:43.900322,45,21,32,True,False
827,2026-05-15T17:17:43.900337,30,24,55,True,False
828,2026-05-15T17:17:43.900352,63,20,53,False,False
829,2026-05-15T17:17:43.900371,62,36,63,False,False
830,2026-05-15T17:17:43.900387,23,29,46,False,True
831,2026-05-15T17:17:43.900403,67,24,34,False,False
832,2026-05-15T17:17:43.900419,64,29,40,True,False
833,2026-05-15T17:17:43.900434,34,22,72,False,True
834,2026-05-15T17:17:43.900449,51,19,48,True,False
835,2026-05-15T17:17:43.900469,55,23,80,True,False
836,2026-05-15T17:17:43.900485,67,28,31,False,False
837,2026-05-15T17:17:43.900501,68,31,73,True,False
838,2026-05-15T17:17:43.900516,27,28,71,False,True
839,2026-05-15T17:17:43.900531,73,19,88,False,False
840,2026-05-15T17:17:43.900545,25,20,54,False,True
841,2026-05-15T17:17:43.900561,57,18,68,False,False
842,2026-05-15T17:17:43.900576,30,28,72,True,False
843,2026-05-15T17:17:43.900593,69,18,40,False,False
844,2026-05-15T17:17:43.900608,78,31,74,False,False
845,2026-05-15T17:17:43.900624,78,27,49,False,False
846,2026-05-15T17:17:43.900644,54,25,69,True,False
847,2026-05-15T17:17:43.900660,70,26,90,False,False
848,2026-05-15T17:17:43.900676,22,30,49,False,True
849,2026-05-15T17:17:43.900692,73,20,40,False,False
850,2026-05-15T17:17:43.900707,44,28,71,False,False
851,2026-05-15T17:17:43.900722,63,25,30,False,False
852,2026-05-15T17:17:43.900738,36,29,50,True,False
853,2026-05-15T17:17:43.900753,71,36,53,True,False
854,2026-05-15T17:17:43.900770,54,29,40,False,False
855,2026-05-15T17:17:43.900791,51,21,81,False,False
856,2026-05-15T17:17:43.900808,23,19,79,False,True
857,2026-05-15T17:17:43.900824,48,29,39,True,False
858,2026-05-15T17:17:43.900840,48,26,63,False,False
859,2026-05-15T17:17:43.900857,66,31,81,False,False
860,2026-05-15T17:17:43.900873,25,29,68,True,False
861,2026-05-15T17:17:43.900892,75,32,62,True,False
862,2026-05-15T17:17:43.900906,62,32,31,False,False
863,2026-05-15T17:17:43.900922,77,28,54,True,False
864,2026-05-15T17:17:43.900937,32,21,45,False,True
865,2026-05-15T17:17:43.900953,38,20,71,True,False
866,2026-05-15T17:17:43.900969,21,36,88,False,True
867,2026-05-15T17:17:43.900985,42,18,82,False,False
868,2026-05-15T17:17:43.901000,25,33,67,False,True
869,2026-05-15T17:17:43.901016,47,25,79,False,False
870,2026-05-15T17:17:43.901031,27,26,40,False,True
871,2026-05-15T17:17:43.901047,40,33,81,False,False
872,2026-05-15T17:17:43.901062,42,22,54,False,False
873,2026-05-15T17:17:43.901077,65,32,81,False,False
874,2026-05-15T17:17:43.901097,39,19,52,False,False
875,2026-05-15T17:17:43.901112,80,27,82,True,False
876,2026-05-15T17:17:43.901128,60,28,75,False,False
877,2026-05-15T17:17:43.901144,25,19,90,True,False
878,2026-05-15T17:17:43.901159,64,20,42,False,False
879,2026-05-15T17:17:43.901175,21,27,63,True,False
880,2026-05-15T17:17:43.901191,21,36,54,False,True
881,2026-05-15T17:17:43.901206,68,29,54,False,False
882,2026-05-15T17:17:43.901222,47,28,59,False,False
883,2026-05-15T17:17:43.901238,28,25,90,False,True
884,2026-05-15T17:17:43.901253,39,32,63,False,False
885,2026-05-15T17:17:43.901267,51,32,83,True,False
886,2026-05-15T17:17:43.901282,40,31,82,True,False
887,2026-05-15T17:17:43.901298,26,20,33,False,True
888,2026-05-15T17:17:43.901314,76,31,65,True,False
889,2026-05-15T17:17:43.901330,21,35,85,True,False
890,2026-05-15T17:17:43.901346,38,33,65,False,False
891,2026-05-15T17:17:43.901366,59,36,32,False,False
892,2026-05-15T17:17:43.901382,67,29,35,False,False
893,2026-05-15T17:17:43.901402,38,27,39,False,False
894,2026-05-15T17:17:43.901421,52,24,44,True,False
895,2026-05-15T17:17:43.901436,69,30,31,False,False
896,2026-05-15T17:17:43.901454,55,31,62,True,False
897,2026-05-15T17:17:43.901470,32,25,63,False,True
898,2026-05-15T17:17:43.901485,40,33,37,False,False
899,2026-05-15T17:17:43.901503,29,29,39,False,True
900,2026-05-15T17:17:43.901519,44,24,45,False,False
901,2026-05-15T17:17:43.901534,54,27,65,False,False
902,2026-05-15T17:17:43.901550,68,28,84,False,False
903,2026-05-15T17:17:43.901565,43,26,48,False,False
904,2026-05-15T17:17:43.901581,41,21,53,False,False
905,2026-05-15T17:17:43.901596,49,33,34,False,False
906,2026-05-15T17:17:43.901613,52,30,57,False,False
907,2026-05-15T17:17:43.901627,59,27,48,False,False
908,2026-05-15T17:17:43.901642,36,26,44,False,False
909,2026-05-15T17:17:43.901658,60,34,72,False,False
910,2026-05-15T17:17:43.901673,62,33,47,True,False
911,2026-05-15T17:17:43.901689,34,18,66,False,True
912,2026-05-15T17:17:43.901705,45,32,90,True,False
913,2026-05-15T17:17:43.901725,60,27,80,False,False
914,2026-05-15T17:17:43.901742,25,31,86,False,True
915,2026-05-15T17:17:43.901758,73,22,61,True,False
916,2026-05-15T17:17:43.901773,23,31,89,True,False
917,2026-05-15T17:17:43.901788,32,19,66,False,True
918,2026-05-15T17:17:43.901803,34,32,56,False,True
919,2026-05-15T17:17:43.901818,20,34,55,False,True
920,2026-05-15T17:17:43.901833,21,18,50,False,True
921,2026-05-15T17:17:43.901849,53,36,68,True,False
922,2026-05-15T17:17:43.901865,45,20,74,False,False
923,2026-05-15T17:17:43.901880,62,30,88,False,False
924,2026-05-15T17:17:43.901896,63,36,41,False,False
925,2026-05-15T17:17:43.901911,43,28,69,False,False
926,2026-05-15T17:17:43.901927,65,32,74,True,False
927,2026-05-15T17:17:43.901943,31,32,50,False,True
928,2026-05-15T17:17:43.901959,52,19,72,True,False
929,2026-05-15T17:17:43.901974,68,31,75,False,False
930,2026-05-15T17:17:43.901988,34,34,49,False,True
931,2026-05-15T17:17:43.902003,51,24,42,True,False
932,2026-05-15T17:17:43.902019,62,33,67,False,False
933,2026-05-15T17:17:43.902039,61,35,74,False,False
934,2026-05-15T17:17:43.902055,43,35,41,False,False
935,2026-05-15T17:17:43.902070,34,18,57,False,True
936,2026-05-15T17:17:43.902086,69,21,54,False,False
937,2026-05-15T17:17:43.902102,73,23,59,True,False
938,2026-05-15T17:17:43.902117,64,22,80,False,False
939,2026-05-15T17:17:43.902133,34,28,68,True,False
940,2026-05-15T17:17:43.902148,23,30,55,False,True
941,2026-05-15T17:17:43.902163,78,22,54,False,False
942,2026-05-15T17:17:43.902178,76,27,53,True,False
943,2026-05-15T17:17:43.902193,55,29,52,False,False
944,2026-05-15T17:17:43.902209,50,32,31,True,False
945,2026-05-15T17:17:43.902227,24,28,79,False,True
946,2026-05-15T17:17:43.902242,72,29,82,False,False
947,2026-05-15T17:17:43.902262,25,24,65,False,True
948,2026-05-15T17:17:43.902278,47,35,43,False,False
949,2026-05-15T17:17:43.902294,55,36,65,False,False
950,2026-05-15T17:17:43.902309,77,31,88,True,False
951,2026-05-15T17:17:43.902325,32,31,37,False,True
952,2026-05-15T17:17:43.902343,73,21,57,False,False
953,2026-05-15T17:17:43.902358,33,35,72,False,True
954,2026-05-15T17:17:43.902374,71,28,39,False,False
955,2026-05-15T17:17:43.902390,52,25,88,False,False
956,2026-05-15T17:17:43.902410,45,34,86,True,False
957,2026-05-15T17:17:43.902425,69,20,48,False,False
958,2026-05-15T17:17:43.902440,80,35,54,True,False
959,2026-05-15T17:17:43.902456,30,20,77,False,True
960,2026-05-15T17:17:43.902471,58,31,33,False,False
961,2026-05-15T17:17:43.902487,33,33,32,False,True
962,2026-05-15T17:17:43.902503,37,21,88,False,False
963,2026-05-15T17:17:43.902518,63,33,37,False,False
964,2026-05-15T17:17:43.902533,71,18,60,False,False
965,2026-05-15T17:17:43.902548,28,19,87,False,True
966,2026-05-15T17:17:43.902563,77,31,76,False,False
967,2026-05-15T17:17:43.902579,25,25,49,False,True
968,2026-05-15T17:17:43.902596,42,23,36,True,False
969,2026-05-15T17:17:43.902611,47,31,31,False,False
970,2026-05-15T17:17:43.902627,73,31,57,False,False
971,2026-05-15T17:17:43.902643,23,28,81,False,True
972,2026-05-15T17:17:43.902663,43,25,46,False,False
973,2026-05-15T17:17:43.902685,75,29,55,True,False
974,2026-05-15T17:17:43.902701,43,27,76,False,False
975,2026-05-15T17:17:43.902729,24,26,53,True,False
976,2026-05-15T17:17:43.902745,41,36,56,False,False
977,2026-05-15T17:17:43.902760,47,36,42,True,False
978,2026-05-15T17:17:43.902776,34,32,75,False,True
979,2026-05-15T17:17:43.902793,37,34,82,False,False
980,2026-05-15T17:17:43.902808,55,19,84,False,False
981,2026-05-15T17:17:43.902824,62,20,86,False,False
982,2026-05-15T17:17:43.902840,57,22,72,False,False
983,2026-05-15T17:17:43.902855,23,29,90,False,True
984,2026-05-15T17:17:43.902871,57,27,56,True,False
985,2026-05-15T17:17:43.902888,53,30,49,False,False
986,2026-05-15T17:17:43.902904,61,36,60,False,False
987,2026-05-15T17:17:43.902919,30,22,49,False,True
988,2026-05-15T17:17:43.902935,76,18,60,False,False
989,2026-05-15T17:17:43.902950,75,33,78,False,False
990,2026-05-15T17:17:43.902969,73,26,64,True,False
991,2026-05-15T17:17:43.902988,76,36,86,False,False
992,2026-05-15T17:17:43.903004,72,25,73,False,False
993,2026-05-15T17:17:43.903020,73,18,41,True,False
994,2026-05-15T17:17:43.903035,58,27,69,False,False
995,2026-05-15T17:17:43.903051,45,36,55,True,False
996,2026-05-15T17:17:43.903067,46,30,61,True,False
997,2026-05-15T17:17:43.903082,38,20,79,True,False
998,2026-05-15T17:17:43.903101,78,36,83,True,False
999,2026-05-15T17:17:43.903117,38,28,65,False,False
